Final_tree	Batch	Sample	Locus_tag	Biosample_accession	SRA_accession	WGS_accession	Group	Family	Species	Type	Accession	Voucher	Location	Date	Name_full	Name_partial	BUSCO	Coverage	Contigs	Size_Mbp	Genes	Avg_gene_length	Gyromitrin	Genome Source	ITS	LSU	rDNA Source	Name_tree	Name_full_formatted	Name_partial_formatted	Morphology
1	4152	1	Q9L94	SAMN36617382	SRR25428685	JBAMAN000000000	ingroup	Discinaceae	Gyromitra ancilis	no	MICH352026	ACD0263	USA-MI	2020	Gyromitra ancilis MICH352026 USA-MI	Gyromitra ancilis MICH352026	"C:96.9%[S:96.0%,D:0.9%],F:1.2%,M:1.9%,n:1706"	80.24	1636	45.81	11371	1451.36	0	this study	ON693630	ON693582	Dirks et al. 2023	Gyromitra ancilis MICH352026 USA-MI	"paste(italic('Gyromitra ancilis'), ' MICH352026 USA-MI')"	"paste(italic('Gyromitra ancilis'), ' MICH352026')"	Discoid
1	4152	2	Q9L65	SAMN36617426	SRR25428676	JBAMAM000000000	ingroup	Discinaceae	Gyromitra venenata	no	UM1613	ACD0286.1	USA-MI	culture	Gyromitra venenata UM1613 USA-MI	Gyromitra venenata UM1613	"C:97.0%[S:95.8%,D:1.2%],F:0.9%,M:2.1%,n:1706"	145.41	723	44.15	11432	1436.86	1	this study	ON693635	ON693587	Dirks et al. 2023	Gyromitra venenata UM1613 USA-MI	"paste(italic('Gyromitra venenata'), ' UM1613 USA-MI')"	"paste(italic('Gyromitra venenata'), ' UM1613')"	Stipitate
1	4152	3	Q9L54	SAMN36617406	SRR25428698	JBAMAL000000000	ingroup	Discinaceae	Gyromitra melaleucoides	no	MICH352039	ACD0308	USA-OR	2020	Gyromitra melaleucoides MICH352039 USA-OR	Gyromitra melaleucoides MICH352039	"C:96.8%[S:95.8%,D:1.0%],F:1.2%,M:2.0%,n:1706"	83.74	1385	41.5	10101	1557.37	0	this study	ON693638	ON693590	Dirks et al. 2023	Gyromitra melaleucoides MICH352039 USA-OR	"paste(italic('Gyromitra melaleucoides'), ' MICH352039 USA-OR')"	"paste(italic('Gyromitra melaleucoides'), ' MICH352039')"	Discoid
1	4152	4	Q9L62	SAMN36617408	SRR25428695	JBAMAK000000000	ingroup	Discinaceae	Gyromitra montana	no	MICH352043	ACD0318	USA-OR	2020	Gyromitra montana MICH352043 USA-OR	Gyromitra montana MICH352043	"C:96.7%[S:95.8%,D:0.9%],F:0.9%,M:2.4%,n:1706"	51.86	1366	42.88	11579	1508.97	0	this study	ON693639	ON693591	Dirks et al. 2023	Gyromitra montana MICH352043 USA-OR	"paste(italic('Gyromitra montana'), ' MICH352043 USA-OR')"	"paste(italic('Gyromitra montana'), ' MICH352043')"	Stipitate
1	4152	5	Q9L53	SAMN36617387	SRR25428717	JBAMAJ000000000	ingroup	Discinaceae	Gyromitra brunnea	no	MICH352054	ACD0332	USA-MI	2020	Gyromitra brunnea MICH352054 USA-MI	Gyromitra brunnea MICH352054	"C:95.7%[S:95.0%,D:0.7%],F:1.5%,M:2.8%,n:1706"	24.14	2098	39.08	10712	1461.48	0	this study	ON693642	ON693594	Dirks et al. 2023	Gyromitra brunnea MICH352054 USA-MI	"paste(italic('Gyromitra brunnea'), ' MICH352054 USA-MI')"	"paste(italic('Gyromitra brunnea'), ' MICH352054')"	Stipitate
1	4152	7	Q9L90	SAMN36617399	SRR25428705	JBAMAI000000000	ingroup	Discinaceae	Gyromitra korfii	no	MICH352062	ACD0399	USA-IN	2021	Gyromitra korfii MICH352062 USA-IN	Gyromitra korfii MICH352062	"C:96.6%[S:95.7%,D:0.9%],F:1.1%,M:2.3%,n:1706"	109.05	1408	45.2	10893	1507.82	0	this study	ON693647	ON693599	Dirks et al. 2023	Gyromitra korfii MICH352062 USA-IN	"paste(italic('Gyromitra korfii'), ' MICH352062 USA-IN')"	"paste(italic('Gyromitra korfii'), ' MICH352062')"	Stipitate
0	4152	9	Q9L86	SAMN36617424	SRR25428678	JBAMAH000000000	ingroup	Discinaceae	Gyromitra splendida	no	MICH25554	Weber4539	USA-MI	1984	Gyromitra splendida MICH25554 USA-MI	Gyromitra splendida MICH25554	"C:78.3%[S:77.5%,D:0.8%],F:9.7%,M:12.0%,n:1706"	9.47	6707	40.16	12409	1274.33	1	this study	PP326917	ON693616	Dirks et al. 2023	Gyromitra splendida MICH25554 USA-MI	"paste(italic('Gyromitra splendida'), ' MICH25554 USA-MI')"	"paste(italic('Gyromitra splendida'), ' MICH25554')"	Stipitate
1	4981	1	Q9L59	SAMN36617421	SRR25428681	JBAMAG000000000	ingroup	Discinaceae	Gyromitra sphaerospora	no	UM1703	WB0618	Canada	culture	Gyromitra sphaerospora UM1703 Canada	Gyromitra sphaerospora UM1703	"C:96.8%[S:95.5%,D:1.3%],F:1.1%,M:2.1%,n:1706"	96.96	2160	57.93	12424	1485.73	0	this study	MZ091686	MZ018957	Healy et al. 2022	Gyromitra sphaerospora UM1703 Canada	"paste(italic('Gyromitra sphaerospora'), ' UM1703 Canada')"	"paste(italic('Gyromitra sphaerospora'), ' UM1703')"	Stipitate
1	4981	2	Q9L78	SAMN36617389	SRR25428716	JBAMAF000000000	ingroup	Discinaceae	Gyromitra californica	no	UM1686	ACD0394.3	USA-WA	culture	Gyromitra californica UM1686 USA-WA	Gyromitra californica UM1686	"C:96.9%[S:95.5%,D:1.4%],F:1.1%,M:2.0%,n:1706"	96.60	2137	58.34	11874	1517.67	0	this study	ON693644	ON693596	Dirks et al. 2023	Gyromitra californica UM1686 USA-WA	"paste(italic('Gyromitra californica'), ' UM1686 USA-WA')"	"paste(italic('Gyromitra californica'), ' UM1686')"	Stipitate
1	4981	3	Q9L91	SAMN36617425	SRR25428677	JBAMAE000000000	ingroup	Discinaceae	Gyromitra splendida	no	UM1688	ACD0395.2	USA-WA	culture	Gyromitra splendida UM1688 USA-WA	Gyromitra splendida UM1688	"C:97.5%[S:96.1%,D:1.4%],F:0.6%,M:1.9%,n:1706"	142.94	949	43.75	11460	1482.29	1	this study	ON693645	ON693597	Dirks et al. 2023	Gyromitra splendida UM1688 USA-WA	"paste(italic('Gyromitra splendida'), ' UM1688 USA-WA')"	"paste(italic('Gyromitra splendida'), ' UM1688')"	Stipitate
1	4981	4	Q9L64	SAMN36617398	SRR25428706	JBAMAD000000000	ingroup	Discinaceae	Gyromitra infula	no	UM1689	ACD0396.1	USA-WA	culture	Gyromitra infula UM1689 USA-WA	Gyromitra infula UM1689	"C:97.1%[S:94.8%,D:2.3%],F:0.9%,M:2.0%,n:1706"	126.41	469	43.85	11031	1559.72	0	this study	ON693646	ON693598	Dirks et al. 2023	Gyromitra infula UM1689 USA-WA	"paste(italic('Gyromitra infula'), ' UM1689 USA-WA')"	"paste(italic('Gyromitra infula'), ' UM1689')"	Stipitate
1	4981	5	Q9L93	SAMN36617420	SRR25428682	JBAMAC000000000	ingroup	Discinaceae	Gyromitra sp. 9	no	UM1691	ACD0408.1	USA-CA	culture	Gyromitra sp. 9 UM1691 USA-CA	Gyromitra sp. 9 UM1691	"C:97.0%[S:95.6%,D:1.4%],F:1.1%,M:1.9%,n:1706"	227.63	356	42.6	10729	1556.82	0	this study	ON693648	ON693600	Dirks et al. 2023	Gyromitra sp. 9 UM1691 USA-CA	"paste(italic('Gyromitra sp. 9'), ' UM1691 USA-CA')"	"paste(italic('Gyromitra sp. 9'), ' UM1691')"	Stipitate
1	4981	6	Q9L83	SAMN36617381	SRR25428696	JBAMAB000000000	ingroup	Discinaceae	Gyromitra americanigigas	no	MICH352016	ACD0258	USA-MI	2020	Gyromitra americanigigas MICH352016 USA-MI	Gyromitra americanigigas MICH352016	"C:97.1%[S:96.3%,D:0.8%],F:1.1%,M:1.8%,n:1706"	86.65	936	41.92	11067	1531.81	0	this study	ON527896	ON532832	Miller et al. 2022	Gyromitra americanigigas MICH352016 USA-MI	"paste(italic('Gyromitra americanigigas'), ' MICH352016 USA-MI')"	"paste(italic('Gyromitra americanigigas'), ' MICH352016')"	Stipitate
1	4981	7	Q9L84	SAMN36617402	SRR25428702	JBAMAA000000000	ingroup	Discinaceae	Gyromitra leucoxantha	no	MICH352087	ACD0326	USA-NY	2020	Gyromitra leucoxantha MICH352087 USA-NY	Gyromitra leucoxantha MICH352087	"C:96.8%[S:95.3%,D:1.5%],F:1.1%,M:2.1%,n:1706"	38.04	2436	54.78	11859	1478.45	1	this study	ON693641	ON693593	Dirks et al. 2023	Gyromitra leucoxantha MICH352087 USA-NY	"paste(italic('Gyromitra leucoxantha'), ' MICH352087 USA-NY')"	"paste(italic('Gyromitra leucoxantha'), ' MICH352087')"	Discoid
1	4981	8	Q9L89	SAMN36617390	SRR25428715	JBALZZ000000000	ingroup	Discinaceae	Gyromitra caroliniana	no	MICH352092	ACD0409	USA-MO	2021	Gyromitra caroliniana MICH352092 USA-MO	Gyromitra caroliniana MICH352092	"C:96.5%[S:95.3%,D:1.2%],F:1.3%,M:2.2%,n:1706"	104.68	1524	40.19	9735	1538.36	0	this study	ON693649	ON693601	Dirks et al. 2023	Gyromitra caroliniana MICH352092 USA-MO	"paste(italic('Gyromitra caroliniana'), ' MICH352092 USA-MO')"	"paste(italic('Gyromitra caroliniana'), ' MICH352092')"	Stipitate
1	4981	9	Q9L88	SAMN36617434	SRR25428726	JBALZY000000000	ingroup	Discinaceae	Gyromitra cubispora	no	FLAS-F-62913	Cunliffe s.n.	Scotland	2018	Gyromitra cubispora FLAS-F-62913 Scotland	Gyromitra cubispora FLAS-F-62913	"C:96.9%[S:95.6%,D:1.3%],F:1.2%,M:1.9%,n:1706"	88.53	6025	62.7	12929	1340.48	0	this study	ON693655	ON693610	Dirks et al. 2023	Gyromitra cubispora FLAS-F-62913 Scotland	"paste(italic('Gyromitra cubispora'), ' FLAS-F-62913 Scotland')"	"paste(italic('Gyromitra cubispora'), ' FLAS-F-62913')"	Truffle
1	4981	10	Q9L68	SAMN36617384	SRR25428722	JBALZX000000000	ingroup	Discinaceae	Gyromitra antarctica	no	FLAS-F-65994	MES-3564	Chile	2019	Gyromitra antarctica FLAS-F-65994 Chile	Gyromitra antarctica FLAS-F-65994	"C:97.2%[S:96.0%,D:1.2%],F:0.7%,M:2.1%,n:1706"	272.11	1115	43.43	11449	1502.32	1	this study	ON693656	ON693611	Dirks et al. 2023	Gyromitra antarctica FLAS-F-65994 Chile	"paste(italic('Gyromitra antarctica'), ' FLAS-F-65994 Chile')"	"paste(italic('Gyromitra antarctica'), ' FLAS-F-65994')"	Stipitate
1	4981	11	Q9L60	SAMN36617422	SRR25428680	JBALZW000000000	ingroup	Discinaceae	Gyromitra sphaerospora	no	MICH25703	Ammirati4213	USA-MI	1970	Gyromitra sphaerospora MICH25703 USA-MI	Gyromitra sphaerospora MICH25703	"C:94.7%[S:93.3%,D:1.4%],F:1.8%,M:3.5%,n:1706"	18.32	5575	52.98	12873	1438.65	0	this study	ON693667	KC751527	"Miller et al. 2013, Dirks et al. 2023"	Gyromitra sphaerospora MICH25703 USA-MI	"paste(italic('Gyromitra sphaerospora'), ' MICH25703 USA-MI')"	"paste(italic('Gyromitra sphaerospora'), ' MICH25703')"	Stipitate
1	4981	12	Q9L56	SAMN36617379	SRR25428729	JBALZV000000000	ingroup	Discinaceae	Gyromitra ambigua	no	MICH28519	AEF663	USA-AZ	1990	Gyromitra ambigua MICH28519 USA-AZ	Gyromitra ambigua MICH28519	"C:97.0%[S:94.5%,D:2.5%],F:1.1%,M:1.9%,n:1706"	67.39	689	44.2	11157	1557.50	0	this study	ON693669	ON693619	Dirks et al. 2023	Gyromitra ambigua MICH28519 USA-AZ	"paste(italic('Gyromitra ambigua'), ' MICH28519 USA-AZ')"	"paste(italic('Gyromitra ambigua'), ' MICH28519')"	Stipitate
1	4981	13	Q9L76	SAMN36617404	SRR25428700	JBALZU000000000	ingroup	Discinaceae	Gyromitra mcknightii	no	MICH28557	AEF1430	USA-AZ	1983	Gyromitra mcknightii MICH28557 USA-AZ	Gyromitra mcknightii MICH28557	"C:96.7%[S:95.5%,D:1.2%],F:1.1%,M:2.2%,n:1706"	43.39	1291	44.19	11185	1500.55	0	this study	ON693670	ON693620	Dirks et al. 2023	Gyromitra mcknightii MICH28557 USA-AZ	"paste(italic('Gyromitra mcknightii'), ' MICH28557 USA-AZ')"	"paste(italic('Gyromitra mcknightii'), ' MICH28557')"	Discoid
0	4981	14	Q9L67	SAMN36617417	SRR25428686	JBALZT000000000	ingroup	Discinaceae	Gyromitra sp. 6	no	MICH4614	Weber2849	USA-ID	1972	Gyromitra sp. 6 MICH4614 USA-ID	Gyromitra sp. 6 MICH4614	"C:90.6%[S:89.8%,D:0.8%],F:3.5%,M:5.9%,n:1706"	10.69	3956	45.13	11826	1429.35	0	this study	ON693674	ON693624	Dirks et al. 2023	Gyromitra sp. 6 MICH4614 USA-ID	"paste(italic('Gyromitra sp. 6'), ' MICH4614 USA-ID')"	"paste(italic('Gyromitra sp. 6'), ' MICH4614')"	Discoid
1	4981	15	Q9L80	SAMN36617433	SRR25428727	JBALZS000000000	ingroup	Discinaceae	Gyromitra cerebriformis	no	MICH67763	AHF780	USA-AZ	1996	Gyromitra cerebriformis MICH67763 USA-AZ	Gyromitra cerebriformis MICH67763	"C:96.8%[S:95.3%,D:1.5%],F:1.2%,M:2.0%,n:1706"	74.47	6119	64.09	12547	1350.13	0	this study	ON693675	ON693625	Dirks et al. 2023	Gyromitra cerebriformis MICH67763 USA-AZ	"paste(italic('Gyromitra cerebriformis'), ' MICH67763 USA-AZ')"	"paste(italic('Gyromitra cerebriformis'), ' MICH67763')"	Truffle
1	6977	1	Q9M04	SAMN36617427	SRR25428675	JBALZR000000000	ingroup	Discinaceae	Gyromitra venenata	no	UM1678	ACD0286.3	USA-MI	culture	Gyromitra venenata UM1678 USA-MI	Gyromitra venenata UM1678	"C:97.0%[S:95.8%,D:1.2%],F:0.9%,M:2.1%,n:1706"	208.49	786	44.36	11527	1459.56	1	this study	ON693635	ON693587	Dirks et al. 2023	Gyromitra venenata UM1678 USA-MI	"paste(italic('Gyromitra venenata'), ' UM1678 USA-MI')"	"paste(italic('Gyromitra venenata'), ' UM1678')"	Stipitate
1	6977	2	Q9L48	SAMN36617400	SRR25428704	JBALZQ000000000	ingroup	Discinaceae	Gyromitra korfii	no	MICH352049	ACD0325	USA-PA	2020	Gyromitra korfii MICH352049 USA-PA	Gyromitra korfii MICH352049	"C:96.8%[S:95.8%,D:1.0%],F:1.1%,M:2.1%,n:1706"	108.31	3307	53.92	13029	1433.80	NA	this study	OP508158	OP596481	Dirks unpublished	Gyromitra korfii MICH352049 USA-PA	"paste(italic('Gyromitra korfii'), ' MICH352049 USA-PA')"	"paste(italic('Gyromitra korfii'), ' MICH352049')"	Stipitate
1	6977	3	Q9L87	SAMN36617428	SRR25428673	JBALZP000000000	ingroup	Discinaceae	Gyromitra venenata	no	MICH352070	ACD0416	Canada-QC	2021	Gyromitra venenata MICH352070 Canada-QC	Gyromitra venenata MICH352070	"C:96.9%[S:95.7%,D:1.2%],F:0.9%,M:2.2%,n:1706"	158.87	1290	43.57	11481	1471.78	NA	this study	PP326918	PP326952	this study	Gyromitra venenata MICH352070 Canada-QC	"paste(italic('Gyromitra venenata'), ' MICH352070 Canada-QC')"	"paste(italic('Gyromitra venenata'), ' MICH352070')"	Stipitate
1	6977	4	Q9L73	SAMN36617431	SRR25428670	JBALZO000000000	ingroup	Discinaceae	Gyromitra warnei	no	MICH352073	ACD0420	USA-MI	2020	Gyromitra warnei MICH352073 USA-MI	Gyromitra warnei MICH352073	"C:96.6%[S:95.5%,D:1.1%],F:1.5%,M:1.9%,n:1706"	94.35	1748	42.89	11137	1477.48	0	this study	PP326919	ON693602	"Dirks et al. 2023, this study"	Gyromitra warnei MICH352073 USA-MI	"paste(italic('Gyromitra warnei'), ' MICH352073 USA-MI')"	"paste(italic('Gyromitra warnei'), ' MICH352073')"	Discoid
1	6977	5	Q9L47	SAMN36617383	SRR25428674	JBALZN000000000	ingroup	Discinaceae	Gyromitra ancilis	no	MICH352081	ACD0457	USA-PA	2021	Gyromitra ancilis MICH352081 USA-PA	Gyromitra ancilis MICH352081	"C:96.9%[S:96.0%,D:0.9%],F:1.2%,M:1.9%,n:1706"	139.46	1423	44.57	11137	1475.23	NA	this study	PP326920	PP326953	this study	Gyromitra ancilis MICH352081 USA-PA	"paste(italic('Gyromitra ancilis'), ' MICH352081 USA-PA')"	"paste(italic('Gyromitra ancilis'), ' MICH352081')"	Discoid
1	6977	6	Q9L61	SAMN36617414	SRR25428689	JBALZM000000000	ingroup	Discinaceae	Gyromitra sp. 2	no	MICH346448	ACD0484	Canada-BC	2022	Gyromitra sp. 2 MICH346448 Canada-BC	Gyromitra sp. 2 MICH346448	"C:96.7%[S:95.9%,D:0.8%],F:1.1%,M:2.2%,n:1706"	78.56	1096	49.9	12062	1480.63	NA	this study	PP326921	PP326954	this study	Gyromitra sp. 2 MICH346448 Canada-BC	"paste(italic('Gyromitra sp. 2'), ' MICH346448 Canada-BC')"	"paste(italic('Gyromitra sp. 2'), ' MICH346448')"	Discoid
1	6977	7	Q9M02	SAMN36617416	SRR25428687	JBALZL000000000	ingroup	Discinaceae	Gyromitra sp. 4	no	MICH346481	ACD0514	USA-OR	2022	Gyromitra sp. 4 MICH346481 USA-OR	Gyromitra sp. 4 MICH346481	"C:96.7%[S:95.8%,D:0.9%],F:1.3%,M:2.0%,n:1706"	48.96	2662	44.34	12801	1415.06	NA	this study	PP326922	PP326955	this study	Gyromitra sp. 4 MICH346481 USA-OR	"paste(italic('Gyromitra sp. 4'), ' MICH346481 USA-OR')"	"paste(italic('Gyromitra sp. 4'), ' MICH346481')"	Discoid
0	6977	8	Q9L63	SAMN36617418	SRR25428684	JBALZK000000000	ingroup	Discinaceae	Gyromitra sp. 6	no	MICH346452	ACD0520	USA-ID	2011	Gyromitra sp. 6 MICH346452 USA-ID	Gyromitra sp. 6 MICH346452	"C:31.2%[S:30.8%,D:0.4%],F:18.1%,M:50.7%,n:1706"	5.74	18226	35.16	13549	882.00	NA	this study	PP326923	PP326956	this study	Gyromitra sp. 6 MICH346452 USA-ID	"paste(italic('Gyromitra sp. 6'), ' MICH346452 USA-ID')"	"paste(italic('Gyromitra sp. 6'), ' MICH346452')"	Discoid
1	6977	9	Q9L55	SAMN36617412	SRR25428691	JBALZJ000000000	ingroup	Discinaceae	Gyromitra sp. 11	no	MICH346502	ACD0538	USA-WA	2011	Gyromitra sp. 11 MICH346502 USA-WA	Gyromitra sp. 11 MICH346502	"C:97.1%[S:95.5%,D:1.6%],F:1.1%,M:1.8%,n:1706"	83.28	2172	43.04	10907	1516.54	NA	this study	PP326924	PP326957	this study	Gyromitra sp. 11 MICH346502 USA-WA	"paste(italic('Gyromitra sp. 11'), ' MICH346502 USA-WA')"	"paste(italic('Gyromitra sp. 11'), ' MICH346502')"	Discoid
1	6977	10	Q9L98	SAMN36617415	SRR25428688	JBALZI000000000	ingroup	Discinaceae	Gyromitra persicula	HOLOTYPE	MICH346504	ACD0548	USA-WA	2022	Gyromitra persicula MICH346504 USA-WA	Gyromitra persicula MICH346504	"C:97.1%[S:96.2%,D:0.9%],F:1.2%,M:1.7%,n:1706"	74.37	1295	49.38	11259	1526.68	1	this study	PP051296	PP051288	Dirks et al. 2024	Gyromitra persicula MICH346504 USA-WA	"paste(italic('Gyromitra persicula'), ' MICH346504 USA-WA')"	"paste(italic('Gyromitra persicula'), ' MICH346504')"	Discoid
1	6977	11	Q9L77	SAMN36617429	SRR25428672	JBALZH000000000	ingroup	Discinaceae	Gyromitra venenata	no	MICH346486	ACD0556	USA-WA	2022	Gyromitra venenata MICH346486 USA-WA	Gyromitra venenata MICH346486	"C:96.5%[S:95.2%,D:1.3%],F:1.1%,M:2.4%,n:1706"	18.75	1452	41.62	11574	1423.35	NA	this study	PP326925	PP326958	this study	Gyromitra venenata MICH346486 USA-WA	"paste(italic('Gyromitra venenata'), ' MICH346486 USA-WA')"	"paste(italic('Gyromitra venenata'), ' MICH346486')"	Stipitate
1	6977	12	Q9L74	SAMN36617386	SRR25428718	JBALZG000000000	ingroup	Discinaceae	Gyromitra anthracobia	no	UM1716	ACD0563.1	USA-OR	culture	Gyromitra anthracobia UM1716 USA-OR	Gyromitra anthracobia UM1716	"C:96.7%[S:95.4%,D:1.3%],F:1.2%,M:2.1%,n:1706"	232.28	373	40.78	9940	1549.41	0	this study	PP326926	PP326959	this study	Gyromitra anthracobia UM1716 USA-OR	"paste(italic('Gyromitra anthracobia'), ' UM1716 USA-OR')"	"paste(italic('Gyromitra anthracobia'), ' UM1716')"	Stipitate
1	6977	13	Q9M07	SAMN36617380	SRR25428707	JBALZF000000000	ingroup	Discinaceae	Gyromitra ambigua	no	UM1693	DC3734	USA-southwest	culture	Gyromitra ambigua UM1693 USA-southwest	Gyromitra ambigua UM1693	"C:97.1%[S:95.8%,D:1.3%],F:1.0%,M:1.9%,n:1706"	164.69	424	44.13	10825	1612.65	0	this study	MZ091684	MZ018955	Healy et al. 2022	Gyromitra ambigua UM1693 USA-southwest	"paste(italic('Gyromitra ambigua'), ' UM1693 USA-southwest')"	"paste(italic('Gyromitra ambigua'), ' UM1693')"	Stipitate
1	6977	14	Q9L92	SAMN36617435	SRR25428725	JBALZE000000000	ingroup	Discinaceae	Gyromitra sp. 1	no	FLAS-F-59196	Stephens s.n.	USA-NH	2015	Gyromitra sp. 1 FLAS-F-59196 USA-NH	Gyromitra sp. 1 FLAS-F-59196	"C:97.0%[S:93.5%,D:3.5%],F:1.1%,M:1.9%,n:1706"	191.44	5708	64.68	12774	1445.69	NA	this study	PP326927	PP326960	this study	Gyromitra sp. 1 FLAS-F-59196 USA-NH	"paste(italic('Gyromitra sp. 1'), ' FLAS-F-59196 USA-NH')"	"paste(italic('Gyromitra sp. 1'), ' FLAS-F-59196')"	Truffle
1	6977	15	Q9L72	SAMN36617436	SRR25428724	JBALZD000000000	ingroup	Discinaceae	Gyromitra sp. 5	no	FLAS-F-59198	Trappe37048	USA-NH	2014	Gyromitra sp. 5 FLAS-F-59198 USA-NH	Gyromitra sp. 5 FLAS-F-59198	"C:96.9%[S:93.9%,D:3.0%],F:1.2%,M:1.9%,n:1706"	180.24	7496	70.46	13907	1309.17	NA	this study	PP326928	PP326961	this study	Gyromitra sp. 2 FLAS-F-59198 USA-NH	"paste(italic('Gyromitra sp. 5'), ' FLAS-F-59198 USA-NH')"	"paste(italic('Gyromitra sp. 5'), ' FLAS-F-59198')"	Truffle
1	6977	16	Q9L70	SAMN36617439	SRR25428720	JBALZC000000000	ingroup	Discinaceae	Gyromitra variiformis	no	FLAS-F-60223	AM-CA16-004	USA-CA	2016	Gyromitra variiformis FLAS-F-60223 USA-CA	Gyromitra variiformis FLAS-F-60223	"C:96.9%[S:95.7%,D:1.2%],F:1.1%,M:2.0%,n:1706"	40.00	4261	59.41	11629	1384.10	NA	this study	PP326929	PP326962	this study	Gyromitra variiformis FLAS-F-60223 USA-CA	"paste(italic('Gyromitra variiformis'), ' FLAS-F-60223 USA-CA')"	"paste(italic('Gyromitra variiformis'), ' FLAS-F-60223')"	Truffle
1	6977	17	Q9L95	SAMN36617401	SRR25428703	JBALZB000000000	ingroup	Discinaceae	Gyromitra larryi	no	FLAS-F-61941	MES-3061	USA-WA	2017	Gyromitra larryi FLAS-F-61941 USA-WA	Gyromitra larryi FLAS-F-61941	"C:95.3%[S:94.4%,D:0.9%],F:1.8%,M:2.9%,n:1706"	22.47	1228	44.46	11151	1542.41	NA	this study	MT373908	MT350422	Healy et al. unpublished	Gyromitra larryi FLAS-F-61941 USA-WA	"paste(italic('Gyromitra larryi'), ' FLAS-F-61941 USA-WA')"	"paste(italic('Gyromitra larryi'), ' FLAS-F-61941')"	Discoid
1	6977	18	Q9L46	SAMN36617385	SRR25428719	JBALZA000000000	ingroup	Discinaceae	Gyromitra antarctica	no	FLAS-F-63725	AM-AR15-004	Argentina	2015	Gyromitra antarctica FLAS-F-63725 Argentina	Gyromitra antarctica FLAS-F-63725	"C:96.9%[S:95.6%,D:1.3%],F:0.8%,M:2.3%,n:1706"	179.69	1175	43.43	11706	1459.13	NA	this study	PP326930	PP326963	this study	Gyromitra antarctica FLAS-F-63725 Argentina	"paste(italic('Gyromitra antarctica'), ' FLAS-F-63725 Argentina')"	"paste(italic('Gyromitra antarctica'), ' FLAS-F-63725')"	Stipitate
1	6977	19	Q9L50	SAMN36617419	SRR25428683	JBALYZ000000000	ingroup	Discinaceae	Gyromitra sp. 8	PARATYPE*	MICH4601	Smith65044	USA-ID	1962	Gyromitra sp. 8 MICH4601 USA-ID	Gyromitra sp. 8 MICH4601	"C:96.2%[S:95.3%,D:0.9%],F:1.2%,M:2.6%,n:1706"	61.09	1469	41.92	10988	1516.39	0	this study	ON693673	ON693623	Dirks et al. 2023	Gyromitra sp. 8 MICH4601 USA-ID	"paste(italic('Gyromitra sp. 8'), ' MICH4601 USA-ID')"	"paste(italic('Gyromitra sp. 8'), ' MICH4601')"	Discoid
1	6977	20	Q9L66	SAMN36617407	SRR25428697	JBALYY000000000	ingroup	Discinaceae	Gyromitra melaleucoides	no	MICH1455	Weber4520	USA-CO	1983	Gyromitra melaleucoides MICH1455 USA-CO	Gyromitra melaleucoides MICH1455	"C:95.3%[S:93.5%,D:1.8%],F:1.8%,M:2.9%,n:1706"	49.84	2805	41.66	10453	1532.00	0	this study	ON693658	KC751517	"Miller et al. 2013, Dirks et al. 2023"	Gyromitra melaleucoides MICH1455 USA-CO	"paste(italic('Gyromitra melaleucoides'), ' MICH1455 USA-CO')"	"paste(italic('Gyromitra melaleucoides'), ' MICH1455')"	Discoid
0	6977	22	V5I25	SAMN39889268	SRR27919095	JBALYX000000000	ingroup	Discinaceae	Gyromitra leucoxantha	no	MICH25407	Weber4536	USA-MI	1984	Gyromitra leucoxantha MICH25407 USA-MI	Gyromitra leucoxantha MICH25407	"C:77.5%[S:76.7%,D:0.8%],F:11.2%,M:11.3%,n:1706"	9.83	10881	49.65	13005	1177.30	1	this study	ON693659	ON693613	Dirks et al. 2023	Gyromitra leucoxantha MICH25407 USA-MI	"paste(italic('Gyromitra leucoxantha'), ' MICH25407 USA-MI')"	"paste(italic('Gyromitra leucoxantha'), ' MICH25407')"	Discoid
1	6977	23	Q9L81	SAMN36617391	SRR25428714	JBALYW000000000	ingroup	Discinaceae	Gyromitra caroliniana	no	MICH25515	Weber6105	USA-MS	1984	Gyromitra caroliniana MICH25515 USA-MS	Gyromitra caroliniana MICH25515	"C:94.4%[S:93.5%,D:0.9%],F:2.2%,M:3.4%,n:1706"	25.58	2498	39.51	10344	1441.88	NA	this study	PP326931	KC751501	"Miller et al. 2013, this study"	Gyromitra caroliniana MICH25515 USA-MS	"paste(italic('Gyromitra caroliniana'), ' MICH25515 USA-MS')"	"paste(italic('Gyromitra caroliniana'), ' MICH25515')"	Stipitate
1	6977	25	Q9L85	SAMN36617388	SRR25428728	JBALYV000000000	ingroup	Discinaceae	Gyromitra brunnea	no	MICH352048	ACD0324	USA-KA	2020	Gyromitra brunnea MICH352048 USA-KA	Gyromitra brunnea MICH352048	"C:96.4%[S:95.3%,D:1.1%],F:1.1%,M:2.5%,n:1706"	135.41	2019	40.52	10692	1461.91	0	this study	ON693640	ON693592	Dirks et al. 2023	Gyromitra brunnea MICH352048 USA-KA	"paste(italic('Gyromitra brunnea'), ' MICH352048 USA-KA')"	"paste(italic('Gyromitra brunnea'), ' MICH352048')"	Stipitate
0	6977	26	V5I19	SAMN39889269	SRR27919094	JBALYU000000000	ingroup	Discinaceae	Gyromitra korfii	HOLOTYPE	CUP-K-4801	Cappellini s.n.	USA-NY	1953	Gyromitra korfii CUP-K-4801 USA-NY	Gyromitra korfii CUP-K-4801	"C:35.9%[S:35.5%,D:0.4%],F:22.0%,M:42.1%,n:1706"	1.37	16146	32.86	10749	864.85	NA	this study	MW075384	NA	Miller et al. 2020	Gyromitra korfii CUP-K-4801 USA-NY	"paste(italic('Gyromitra korfii'), ' CUP-K-4801 USA-NY')"	"paste(italic('Gyromitra korfii'), ' CUP-K-4801')"	Stipitate
1	8120	3	Q9L96	SAMN36617423	SRR25428679	JBALYT000000000	ingroup	Discinaceae	Gyromitra spinosospora	HOLOTYPE	LUG3910	ANM948	Italy	1984	Gyromitra spinosospora LUG3910 Italy	Gyromitra spinosospora LUG3910	"C:93.9%[S:93.1%,D:0.8%],F:2.4%,M:3.7%,n:1706"	85.03	2503	37.29	10150	1464.66	NA	this study	PP326932	PP326964	this study	Gyromitra spinosospora LUG3910 Italy	"paste(italic('Gyromitra spinosospora'), ' LUG3910 Italy')"	"paste(italic('Gyromitra spinosospora'), ' LUG3910')"	Discoid
0	8120	4	Q9L49	SAMN36617413	SRR25428690	JBALYS000000000	ingroup	Discinaceae	Gyromitra sichuanensis	ISOTYPE	CUP-CH002522	ANM984	China	1981	Gyromitra sichuanensis CUP-CH002522 China	Gyromitra sichuanensis CUP-CH002522	"C:80.9%[S:79.0%,D:1.9%],F:10.1%,M:9.0%,n:1706"	38.32	9403	42.54	12560	1284.46	NA	this study	PP326933	PP326965	this study	Gyromitra sichuanensis CUP-CH002522 China	"paste(italic('Gyromitra sichuanensis'), ' CUP-CH002522 China')"	"paste(italic('Gyromitra sichuanensis'), ' CUP-CH002522')"	Stipitate
1	8120	5	Q9L97	SAMN36617392	SRR25428713	JBALYR000000000	ingroup	Discinaceae	Gyromitra grandis	no	LE247912	ANM1144	Russia	2011	Gyromitra grandis LE247912 Russia	Gyromitra grandis LE247912	"C:96.0%[S:95.2%,D:0.8%],F:1.3%,M:2.7%,n:1706"	152.49	1401	37.35	10058	1509.20	NA	this study	PP326934	NA	this study	Gyromitra grandis LE247912 Russia	"paste(italic('Gyromitra grandis'), ' LE247912 Russia')"	"paste(italic('Gyromitra grandis'), ' LE247912')"	Stipitate
0	8120	6	Q9M01	SAMN36617393	SRR25428712	JBALYQ000000000	ingroup	Discinaceae	Gyromitra grandis	no	TNS-F-80830	ANM1210	Japan	2017	Gyromitra grandis TNS-F-80830 Japan	Gyromitra grandis TNS-F-80830	"C:61.0%[S:60.6%,D:0.4%],F:16.7%,M:22.3%,n:1706"	25.23	9676	33.49	11489	1057.98	NA	this study	PP326935	NA	this study	Gyromitra fastigiata TNS-F-80830 Japan	"paste(italic('Gyromitra grandis'), ' TNS-F-80830 Japan')"	"paste(italic('Gyromitra grandis'), ' TNS-F-80830')"	Stipitate
1	8120	7	Q9L75	SAMN36617378	SRR25428730	JBALYP000000000	ingroup	Discinaceae	Gyromitra olympiana	no	MICH345142	ACD0615	Germany	2012	Gyromitra olympiana MICH345142 Germany	Gyromitra olympiana MICH345142	"C:96.2%[S:95.3%,D:0.9%],F:1.1%,M:2.7%,n:1706"	23.27	1827	48.97	12437	1453.59	NA	this study	PP326936	PP326966	this study	Gyromitra olympiana MICH345142 Germany	"paste(italic('Gyromitra olympiana'), ' MICH345142 Germany')"	"paste(italic('Gyromitra olympiana'), ' MICH345142')"	Discoid
0	8120	8	Q9M03	SAMN36617395	SRR25428710	JBALYO000000000	ingroup	Discinaceae	Gyromitra geogenia	HOLOTYPE	ZT-Myc0067647	ANM1233	Switzerland	1964	Gyromitra geogenia ZT-Myc0067647 Switzerland	Gyromitra geogenia ZT-Myc0067647	"C:71.6%[S:71.1%,D:0.5%],F:14.5%,M:13.9%,n:1706"	38.25	9437	40.13	12062	1198.41	NA	this study	PP326937	PP326967	this study	Gyromitra geogenius ZT-Myc0067647 Switzerland	"paste(italic('Gyromitra geogenia'), ' ZT-Myc0067647 Switzerland')"	"paste(italic('Gyromitra geogenia'), ' ZT-Myc0067647')"	Discoid
1	8120	9	Q9L51	SAMN36617405	SRR25428699	JBALYN000000000	ingroup	Discinaceae	Gyromitra mcknightii	no	MICH346490	ACD0560	USA-WA	2022	Gyromitra mcknightii MICH346490 USA-WA	Gyromitra mcknightii MICH346490	"C:96.8%[S:95.6%,D:1.2%],F:0.9%,M:2.3%,n:1706"	102.91	1938	47.09	12297	1459.63	NA	this study	PP326938	PP326968	this study	Gyromitra mcknightii MICH346490 USA-WA	"paste(italic('Gyromitra mcknightii'), ' MICH346490 USA-WA')"	"paste(italic('Gyromitra mcknightii'), ' MICH346490')"	Discoid
1	8120	10	Q9M05	SAMN36617437	SRR25428723	JBALYM000000000	ingroup	Discinaceae	Gyromitra sp. 3	no	UM1714	ACD0581	USA-NC	culture	Gyromitra sp. 3 UM1714 USA-NC	Gyromitra sp. 3 UM1714	"C:97.1%[S:95.7%,D:1.4%],F:0.9%,M:2.0%,n:1706"	92.22	5095	68.38	13017	1358.70	NA	this study	OM672892	OM523265	Healy et al. unpublished	Gyromitra sp. 5 UM1714 USA-NC	"paste(italic('Gyromitra sp. 3'), ' UM1714 USA-NC')"	"paste(italic('Gyromitra sp. 3'), ' UM1714')"	Truffle
1	8120	11	Q9L52	SAMN36617430	SRR25428671	JBALYL000000000	ingroup	Discinaceae	Gyromitra venenata	no	MICH345124	ACD0596	France	2022	Gyromitra venenata MICH345124 France	Gyromitra venenata MICH345124	"C:97.1%[S:95.8%,D:1.3%],F:0.9%,M:2.0%,n:1706"	68.44	1162	44.02	11517	1479.10	1	this study	PP188431	PP188422	Lagrange et al. 2024	Gyromitra venenata MICH345124 France	"paste(italic('Gyromitra venenata'), ' MICH345124 France')"	"paste(italic('Gyromitra venenata'), ' MICH345124')"	Stipitate
1	8120	12	Q9L69	SAMN36617396	SRR25428709	JBALYK000000000	ingroup	Discinaceae	Gyromitra gigas	no	MICH345132	ACD0604	Germany	2004	Gyromitra gigas MICH345132 Germany	Gyromitra gigas MICH345132	"C:97.3%[S:96.5%,D:0.8%],F:1.2%,M:1.5%,n:1706"	89.53	637	42.27	10594	1589.91	0	this study	PP188425	PP188416	Lagrange et al. 2024	Gyromitra gigas MICH345132 Germany	"paste(italic('Gyromitra gigas'), ' MICH345132 Germany')"	"paste(italic('Gyromitra gigas'), ' MICH345132')"	Stipitate
0	8120	13	Q9L99	SAMN36617409	SRR25428694	JBALYJ000000000	ingroup	Discinaceae	Gyromitra parma	no	MICH345134	ACD0606	Germany	2004	Gyromitra parma MICH345134 Germany	Gyromitra parma MICH345134	"C:90.5%[S:89.7%,D:0.8%],F:2.9%,M:6.6%,n:1706"	14.20	2789	38.35	10143	1488.02	NA	this study	PP326939	PP326969	this study	Gyromitra parma MICH345134 Germany	"paste(italic('Gyromitra parma'), ' MICH345134 Germany')"	"paste(italic('Gyromitra parma'), ' MICH345134')"	Discoid
1	8120	14	Q9L71	SAMN36617411	SRR25428692	JBALYI000000000	ingroup	Discinaceae	Gyromitra perlata	no	MICH345136	ACD0608	Germany	2007	Gyromitra perlata MICH345136 Germany	Gyromitra perlata MICH345136	"C:97.1%[S:96.2%,D:0.9%],F:0.9%,M:2.0%,n:1706"	115.82	1054	42.62	10722	1550.70	NA	this study	PP326940	PP326970	this study	Gyromitra perlata MICH345136 Germany	"paste(italic('Gyromitra perlata'), ' MICH345136 Germany')"	"paste(italic('Gyromitra perlata'), ' MICH345136')"	Discoid
1	8120	15	Q9L82	SAMN36617410	SRR25428693	JBALYH000000000	ingroup	Discinaceae	Gyromitra parma	no	MICH345138	ACD0610	Germany	2014	Gyromitra parma MICH345138 Germany	Gyromitra parma MICH345138	"C:96.3%[S:95.4%,D:0.9%],F:1.1%,M:2.6%,n:1706"	39.77	1551	41.54	10489	1527.11	NA	this study	PP326941	PP326971	this study	Gyromitra parma MICH345138 Germany	"paste(italic('Gyromitra parma'), ' MICH345138 Germany')"	"paste(italic('Gyromitra parma'), ' MICH345138')"	Discoid
1	8120	17	Q9L79	SAMN36617403	SRR25428701	JBALYG000000000	ingroup	Discinaceae	Gyromitra martinii	no	MICH346002	ACD0614	Germany	2014	Gyromitra martinii MICH346002 Germany	Gyromitra martinii MICH346002	"C:96.3%[S:95.5%,D:0.8%],F:1.3%,M:2.4%,n:1706"	51.65	1521	45.64	11453	1439.71	NA	this study	PP326942	PP326972	this study	Gyromitra martinii MICH346002 Germany	"paste(italic('Gyromitra martinii'), ' MICH346002 Germany')"	"paste(italic('Gyromitra martinii'), ' MICH346002')"	Discoid
1	8120	18	Q9M00	SAMN36617432	SRR25428669	JBALYF000000000	ingroup	Discinaceae	Gyromitra bailii	no	MICH345143	ACD0616	Germany	2011	Gyromitra bailii MICH345143 Germany	Gyromitra bailii MICH345143	"C:95.6%[S:94.1%,D:1.5%],F:1.8%,M:2.6%,n:1706"	37.07	6320	59.31	12890	1324.77	NA	this study	PP326943	PP326973	this study	Gyromitra bailii MICH345143 Germany	"paste(italic('Gyromitra bailii'), ' MICH345143 Germany')"	"paste(italic('Gyromitra bailii'), ' MICH345143')"	Truffle
1	8120	19	Q9L58	SAMN36617397	SRR25428708	JBBBZM000000000	ingroup	Discinaceae	Gyromitra gigas	no	MICH345151	ACD0624	Germany	2015	Gyromitra gigas MICH345151 Germany	Gyromitra gigas MICH345151	"C:97.0%[S:96.2%,D:0.8%],F:1.2%,M:1.8%,n:1706"	38.83	1321	43.48	11734	1503.01	0	this study	PP326944	PP326974	this study	Gyromitra gigas MICH345151 Germany	"paste(italic('Gyromitra gigas'), ' MICH345151 Germany')"	"paste(italic('Gyromitra gigas'), ' MICH345151')"	Stipitate
1	8120	20	Q9L57	SAMN36617394	SRR25428711	JBALYE000000000	ingroup	Discinaceae	Gyromitra geogenius	no	MICH345152	ACD0625	Germany	2019	Gyromitra geogenius MICH345152 Germany	Gyromitra geogenius MICH345152	"C:96.2%[S:95.3%,D:0.9%],F:1.6%,M:2.2%,n:1706"	37.57	942	42.9	10906	1539.36	NA	this study	PP326945	PP326975	this study	Gyromitra geogenius MICH345152 Germany	"paste(italic('Gyromitra geogenius'), ' MICH345152 Germany')"	"paste(italic('Gyromitra geogenius'), ' MICH345152')"	Discoid
1	8120	21	Q9M06	SAMN36617438	SRR25428721	JBALYD000000000	ingroup	Discinaceae	Gyromitra tulasnei	no	MICH345153	ACD0626	Germany	2019	Gyromitra tulasnei MICH345153 Germany	Gyromitra tulasnei MICH345153	"C:97.0%[S:94.8%,D:2.2%],F:1.1%,M:1.9%,n:1706"	54.69	5106	58.56	12354	1365.13	0	this study	PP326946	PP326976	this study	Gyromitra tulasnei MICH345153 Germany	"paste(italic('Gyromitra tulasnei'), ' MICH345153 Germany')"	"paste(italic('Gyromitra tulasnei'), ' MICH345153')"	Truffle
0	9875	1	V5I22	SAMN39889270	SRR27919092	JBALYC000000000	ingroup	Discinaceae	Gyromitra splendida	no	MICH346243	Wells-Kempton1052	USA-AK	1960	Gyromitra splendida MICH346243 USA-AK	Gyromitra splendida MICH346243	"C:75.0%[S:73.8%,D:1.2%],F:10.7%,M:14.3%,n:1706"	9.44	9985	41.34	14104	1146.5	NA	this study	PP326947	NA	this study	Gyromitra splendida MICH346243 USA-AK	"paste(italic('Gyromitra splendida'), ' MICH346243 USA-AK')"	"paste(italic('Gyromitra splendida'), ' MICH346243')"	Stipitate
1	9875	2	V5I16	SAMN39889271	SRR27919091	JBALYB000000000	ingroup	Discinaceae	Gyromitra californica	no	ARIZ-AN017729	Castro-Mendoza28	USA-MT	1977	Gyromitra californica ARIZ-AN017729 USA-MT	Gyromitra californica ARIZ-AN017729	"C:94.6%[S:92.8%,D:1.8%],F:2.3%,M:3.1%,n:1706"	35.78	1984	48.65	10982	1512.68	0	this study	ON693651	ON693604	Dirks et al. 2023	Gyromitra californica ARIZ-AN017729 USA-MT	"paste(italic('Gyromitra californica'), ' ARIZ-AN017729 USA-MT')"	"paste(italic('Gyromitra californica'), ' ARIZ-AN017729')"	Stipitate
1	9875	3	V5I24	SAMN39889272	SRR27919090	JBALYA000000000	outgroup	Morchellaceae	Paradiscina melaleuca	no	"MICH346528, LY-NV2020.05.32"	Ginberteau s.n.	France	2020	"Paradiscina melaleuca MICH346528, LY-NV2020.05.32 France"	"Paradiscina melaleuca MICH346528, LY-NV2020.05.32"	"C:96.9%[S:95.4%,D:1.5%],F:0.9%,M:2.2%,n:1706"	40.2	1073	49.84	12070	1560.03	NA	this study	PP326948	PP326977	this study	Paradiscina melaleuca LY-NV2020.05.32 France	"paste(italic('Paradiscina melaleuca'), ' MICH346528, LY-NV2020.05.32 France')"	"paste(italic('Paradiscina melaleuca'), ' MICH346528, LY-NV2020.05.32')"	Discoid
1	9875	4	V5I15	SAMN39889273	SRR27919089	JBALXZ000000000	ingroup	Discinaceae	Gyromitra persicula	no	MICH346493	ACD0515	USA-WA	2011	Gyromitra persicula MICH346493 USA-WA	Gyromitra persicula MICH346493	"C:97.3%[S:94.7%,D:2.6%],F:1.1%,M:1.6%,n:1706"	78.81	1725	50.8	11671	1469.86	NA	this study	PP051291	PP051282	Dirks et al. 2024	Gyromitra persicula MICH346493 USA-WA	"paste(italic('Gyromitra persicula'), ' MICH346493 USA-WA')"	"paste(italic('Gyromitra persicula'), ' MICH346493')"	Discoid
1	9875	5	V5I17	SAMN39889274	SRR27919088	JBALXY000000000	ingroup	Discinaceae	Gyromitra sp. 6	no	ARIZ-AN044228	Clements276947	USA-AZ	2017	Gyromitra sp. 6 ARIZ-AN044228 USA-AZ	Gyromitra sp. 6 ARIZ-AN044228	"C:96.4%[S:95.5%,D:0.9%],F:1.0%,M:2.6%,n:1706"	100.92	1255	47.61	11709	1549.02	0	this study	MT483607	ON693603	"Clements unpublished, Dirks et al. 2023"	Gyromitra sp. 6 ARIZ-AN044228 USA-AZ	"paste(italic('Gyromitra sp. 6'), ' ARIZ-AN044228 USA-AZ')"	"paste(italic('Gyromitra sp. 6'), ' ARIZ-AN044228')"	Discoid
1	9875	6	V5I23	SAMN39889275	SRR27919087	JBALXX000000000	ingroup	Discinaceae	Gyromitra sp. 9	no	FLAS-F-63292	MES-3233	USA-WA	2018	Gyromitra sp. 9 FLAS-F-63292 USA-WA	Gyromitra sp. 9 FLAS-F-63292	"C:96.4%[S:94.9%,D:1.5%],F:1.3%,M:2.3%,n:1706"	31.45	1221	42.8	11490	1530.54	NA	this study	PP326949	PP326978	this study	Gyromitra sp. 9 FLAS-F-63292 USA-WA	"paste(italic('Gyromitra sp. 9'), ' FLAS-F-63292 USA-WA')"	"paste(italic('Gyromitra sp. 9'), ' FLAS-F-63292')"	Stipitate
1	9875	7	V5I20	SAMN39889276	SRR27919086	JBALXW000000000	ingroup	Discinaceae	Gyromitra sp. 13	no	MICH346255	Wells-Kempton1598	USA-AK	1960	Gyromitra sp. 13 MICH346255 USA-AK	Gyromitra sp. 13 MICH346255	"C:97.2%[S:96.4%,D:0.8%],F:0.9%,M:1.9%,n:1706"	125.61	805	40.84	10745	1553.53	NA	this study	PP326950	PP326979	this study	Gyromitra sp. 13 MICH346255 USA-AK	"paste(italic('Gyromitra sp. 13'), ' MICH346255 USA-AK')"	"paste(italic('Gyromitra sp. 13'), ' MICH346255')"	Stipitate
0	9875	8	V5I18	SAMN39889277	SRR27919085	JBALXV000000000	outgroup	Morchellaceae	Marcelleina donadinii	no	NA	RM2391-2014	Spain	2014	Marcelleina donadinii NA Spain	Marcelleina donadinii NA	"C:97.2%[S:96.1%,D:1.1%],F:0.7%,M:2.1%,n:1706"	40.14	1684	42.89	11871	1530.61	NA	this study	NA	NA	NA	Marcelleina donadinii RM2391-2014 Spain	"paste(italic('Marcelleina donadinii'), ' NA Spain')"	"paste(italic('Marcelleina donadinii'), ' NA')"	Discoid
1	9875	9	V5I21	SAMN39889278	SRR27919093	JBALXU000000000	outgroup	Morchellaceae	Marcelleina donadinii	no	VIT9785	RM2391-2016	Spain	2016	Marcelleina donadinii VIT9785 Spain	Marcelleina donadinii VIT9785	"C:97.1%[S:95.8%,D:1.3%],F:0.7%,M:2.2%,n:1706"	56.89	1166	42.26	11150	1564.34	NA	this study	PP326951	PP326980	this study	Marcelleina donadinii RM2391-2016 Spain	"paste(italic('Marcelleina donadinii'), ' VIT9785 Spain')"	"paste(italic('Marcelleina donadinii'), ' VIT9785')"	Discoid
1	JGI	Gyresc1	NA	SAMN05446845	NA	JBCEBV000000000	ingroup	Discinaceae	Gyromitra esculenta	no	CBS101906	Verkley s.n.	Netherlands	culture	Gyromitra esculenta CBS101906 Netherlands	Gyromitra esculenta CBS101906	"C:97.5%[S:96.2%,D:1.3%],F:0.8%,M:1.7%,n:1706"	245.90	51	45.88	11542	1553.80	1	this study (JGI)	ON693653	ON693608	Dirks et al. 2023	Gyromitra esculenta CBS101906 Netherlands	"paste(italic('Gyromitra esculenta'), ' CBS101906 Netherlands')"	"paste(italic('Gyromitra esculenta'), ' CBS101906')"	Stipitate
1	JGI	Gyrinf1	NA	SAMN15739048	NA	JBCDPU000000000	ingroup	Discinaceae	Gyromitra infula	no	GyrinfSpk-SM18	GyrinfSpk-SM18	Norway	culture	Gyromitra infula GyrinfSpk-SM18 Norway	Gyromitra infula GyrinfSpk-SM18	"C:97.0%[S:95.8%,D:1.2%],F:0.8%,M:2.2%,n:1706"	83.60	271	45.05	11317	1594.04	NA	this study (JGI)	ON693654	ON693609	Dirks et al. 2023	Gyromitra infula GyrinfSpk-SM18 Norway	"paste(italic('Gyromitra infula'), ' GyrinfSpk-SM18 Norway')"	"paste(italic('Gyromitra infula'), ' GyrinfSpk-SM18')"	Stipitate
1	JGI	Chove1	NA	NA	NA	NA	outgroup	Tuberaceae	Choiromyces venosus	no	120613-1	NA	NA	NA	Choiromyces venosus 120613-1 NA	Choiromyces venosus 120613-1	NA	126.04	3183	126.04	NA	NA	NA	Murat et al. 2018	NA	NA	NA	Choiromyces venosus 120613-1 NA	"paste(italic('Choiromyces venosus'), ' 120613-1 NA')"	"paste(italic('Choiromyces venosus'), ' 120613-1')"	Truffle
1	JGI	Disven1	NA	NA	NA	NA	outgroup	Morchellaceae	Disciotis venosa	no	NRRL 24433	NA	NA	NA	Disciotis venosa NRRL 24433 NA	Disciotis venosa NRRL 24433	NA	192.77	29	45.27	NA	NA	NA	unpublished (JGI)	NA	NA	NA	Disciotis venosa NRRL 24433 NA	"paste(italic('Disciotis venosa'), ' NRRL 24433 NA')"	"paste(italic('Disciotis venosa'), ' NRRL 24433')"	Discoid
1	JGI	Morco1	NA	NA	NA	NA	outgroup	Morchellaceae	Morchella importuna	no	CCBAS932	NA	NA	NA	Morchella importuna CCBAS932 NA	Morchella importuna CCBAS932	NA	67.8	1793	48.21	NA	NA	NA	Murat et al. 2018	NA	NA	NA	Morchella importuna CCBAS932 NA	"paste(italic('Morchella importuna'), ' CCBAS932 NA')"	"paste(italic('Morchella importuna'), ' CCBAS932')"	Stipitate
1	JGI	Morimp1	NA	NA	NA	NA	outgroup	Morchellaceae	Morchella importuna	no	SCYDJ1-A1	NA	NA	NA	Morchella importuna SCYDJ1-A1 NA	Morchella importuna SCYDJ1-A1	NA	83.9	1509	48.8	NA	NA	NA	Tan et al. 2019	NA	NA	NA	Morchella importuna SCYDJ1-A1 NA	"paste(italic('Morchella importuna'), ' SCYDJ1-A1 NA')"	"paste(italic('Morchella importuna'), ' SCYDJ1-A1')"	Stipitate
1	JGI	Morsny1	NA	NA	NA	NA	outgroup	Morchellaceae	Morchella snyderi	no	CBS 144464	NA	NA	NA	Morchella snyderi CBS 144464 NA	Morchella snyderi CBS 144464	NA	160.81	81	54.77	NA	NA	NA	Steindorff et al. 2022	NA	NA	NA	Morchella snyderi CBS 144464 NA	"paste(italic('Morchella snyderi'), ' CBS 144464 NA')"	"paste(italic('Morchella snyderi'), ' CBS 144464')"	Stipitate
1	JGI	Tubae1	NA	NA	NA	NA	outgroup	Tuberaceae	Tuber aestivum var. urcinatum	no	NA	NA	NA	NA	Tuber aestivum var. urcinatum NA NA	Tuber aestivum var. urcinatum NA	NA	NA	7613	144.72	NA	NA	NA	Murat et al. 2018	NA	NA	NA	Tuber aestivum var. urcinatum NA NA	"paste(italic('Tuber aestivum var. urcinatum'), ' NA NA')"	"paste(italic('Tuber aestivum var. urcinatum'), ' NA')"	Truffle
1	JGI	Tubbor1	NA	NA	NA	NA	outgroup	Tuberaceae	Tuber borchii	no	Tbo3840	NA	NA	NA	Tuber borchii Tbo3840 NA	Tuber borchii Tbo3840	NA	97	969	97.18	NA	NA	NA	Murat et al. 2018	NA	NA	NA	Tuber borchii Tbo3840 NA	"paste(italic('Tuber borchii'), ' Tbo3840 NA')"	"paste(italic('Tuber borchii'), ' Tbo3840')"	Truffle
1	JGI	Tubbr1_1	NA	NA	NA	NA	outgroup	Tuberaceae	Tuber brumale	no	NA	NA	NA	NA	Tuber brumale NA NA	Tuber brumale NA	NA	130	6649	171.44	NA	NA	NA	Morin et al. 2021	NA	NA	NA	Tuber brumale NA NA	"paste(italic('Tuber brumale'), ' NA NA')"	"paste(italic('Tuber brumale'), ' NA')"	Truffle
1	JGI	Tubin1_1	NA	NA	NA	NA	outgroup	Tuberaceae	Tuber indicum	no	NA	NA	NA	NA	Tuber indicum NA NA	Tuber indicum NA	NA	240	3049	110.49	NA	NA	NA	Morin et al. 2021	NA	NA	NA	Tuber indicum NA NA	"paste(italic('Tuber indicum'), ' NA NA')"	"paste(italic('Tuber indicum'), ' NA')"	Truffle
1	JGI	Tubma1	NA	NA	NA	NA	outgroup	Tuberaceae	Tuber magnatum	no	NA	NA	NA	NA	Tuber magnatum NA NA	Tuber magnatum NA	NA	NA	7876	192.78	NA	NA	NA	Murat et al. 2018	NA	NA	NA	Tuber magnatum NA NA	"paste(italic('Tuber magnatum'), ' NA NA')"	"paste(italic('Tuber magnatum'), ' NA')"	Truffle
1	JGI	Tubme1v2	NA	NA	NA	NA	outgroup	Tuberaceae	Tuber melanosporum	no	Mel28	NA	NA	NA	Tuber melanosporum Mel28 NA	Tuber melanosporum Mel28	NA	NA	4040	124.95	NA	NA	NA	Martin et al. 2010	NA	NA	NA	Tuber melanosporum Mel28 NA	"paste(italic('Tuber melanosporum'), ' Mel28 NA')"	"paste(italic('Tuber melanosporum'), ' Mel28')"	Truffle
1	NCBI	GCA_033030345.1	NA	NA	NA	NA	outgroup	Morchellaceae	Verpa bohemica	no	No. 21108	NA	NA	NA	Verpa bohemica No. 21108 NA	Verpa bohemica No. 21108	NA	30	27	44.4	NA	NA	NA	Sun et al. 2023	NA	NA	NA	Verpa bohemica No. 21108 NA	"paste(italic('Verpa bohemica'), ' No. 21108 NA')"	"paste(italic('Verpa bohemica'), ' No. 21108')"	Stipitate
1	NCBI	GCA_033030425.1	NA	NA	NA	NA	outgroup	Morchellaceae	Verpa conica	no	No. 21110	NA	NA	NA	Verpa conica No. 21110 NA	Verpa conica No. 21110	NA	30	25	45.8	NA	NA	NA	Sun et al. 2023	NA	NA	NA	Verpa conica No. 21110 NA	"paste(italic('Verpa conica'), ' No. 21110 NA')"	"paste(italic('Verpa conica'), ' No. 21110')"	Stipitate